Issue Type,Summary,Description,Component,Priority,Labels,Story Points,Epic Link,Status,Assignee,Sprint,Due Date
Epic,Wayuu Spanish Translator Platform v2.3,Complete platform for preserving and promoting Wayuu language through AI translation and educational tools,Platform,High,"translation,wayuu,ai,platform",40,,Done,Fredy Gallego,,
Epic,Backend API - NestJS Platform,Complete NestJS backend with translation services and performance optimization,Backend,High,"backend,nestjs,api",25,,Done,Fredy Gallego,,
Epic,Frontend Applications,Next.js and static frontend applications for user interaction,Frontend,High,"frontend,nextjs,ui",20,,Done,Fredy Gallego,,
Epic,Monitoring & DevOps,Professional monitoring stack with Grafana and performance metrics,DevOps,High,"monitoring,grafana,prometheus,devops",15,,Done,Fredy Gallego,,
Epic,Data Processing Pipeline,Audio and PDF processing with YouTube ingestion capabilities,Data Processing,High,"audio,pdf,youtube,processing",18,,Done,Fredy Gallego,,
Epic,Translation Services,Multiple translation providers and AI-powered translation,Translation,High,"translation,nllb,google,ai",22,,Done,Fredy Gallego,,
Story,Authentication System,Complete OAuth2 authentication with Google and JWT support,Backend,High,"auth,oauth,jwt,security",8,Backend API - NestJS Platform,Done,Fredy Gallego,,
Task,Google OAuth Strategy,Implement Google OAuth2 authentication strategy,Backend,High,"auth,google,oauth",3,Backend API - NestJS Platform,Done,Fredy Gallego,,
Task,JWT Authentication Strategy,Implement JWT token-based authentication,Backend,High,"auth,jwt,security",3,Backend API - NestJS Platform,Done,Fredy Gallego,,
Task,Authentication Guards,Role-based access control and JWT guards,Backend,Medium,"auth,guards,rbac",2,Backend API - NestJS Platform,Done,Fredy Gallego,,
Task,User Decorators,Current user and roles decorators for controllers,Backend,Medium,"auth,decorators",1,Backend API - NestJS Platform,Done,Fredy Gallego,,
Story,Performance Optimization System,Multi-layer caching and performance monitoring with 61.1% cache hit rate,Backend,High,"performance,caching,optimization",5,Backend API - NestJS Platform,Done,Fredy Gallego,,
Task,Metrics Interceptor,Performance monitoring interceptor for automatic metrics collection,Backend,High,"metrics,interceptor,performance",3,Backend API - NestJS Platform,Done,Fredy Gallego,,
Task,Multi-layer Caching,Intelligent caching system with TTL and invalidation,Backend,High,"caching,optimization,redis",3,Backend API - NestJS Platform,Done,Fredy Gallego,,
Task,HTTP Compression,Gzip/Brotli compression for 26.8% response size reduction,Backend,Medium,"compression,optimization",2,Backend API - NestJS Platform,Done,Fredy Gallego,,
Story,Translation Engine - NLLB,Advanced NLLB translation service with contextual analysis,Translation,High,"translation,nllb,ai,context",8,Translation Services,Done,Fredy Gallego,,
Task,NLLB Core Service,Core NLLB translation service implementation,Translation,High,"nllb,translation,core",5,Translation Services,Done,Fredy Gallego,,
Task,NLLB Cache Service,Caching layer for NLLB translations,Translation,Medium,"nllb,cache,performance",2,Translation Services,Done,Fredy Gallego,,
Task,NLLB Context Service,Contextual analysis for better translation quality,Translation,Medium,"nllb,context,analysis",3,Translation Services,Done,Fredy Gallego,,
Task,NLLB Analytics Service,Analytics and metrics for NLLB translations,Translation,Medium,"nllb,analytics,metrics",2,Translation Services,Done,Fredy Gallego,,
Story,Multi-Translation Providers,Integration with Google Translate and LibreTranslate,Translation,High,"translation,google,libre,providers",5,Translation Services,Done,Fredy Gallego,,
Task,Google Translate Service,Google Translate API integration,Translation,High,"google,translate,api",3,Translation Services,Done,Fredy Gallego,,
Task,LibreTranslate Service,LibreTranslate API integration,Translation,Medium,"libre,translate,api",2,Translation Services,Done,Fredy Gallego,,
Task,Translation Controller,Unified translation controller for all providers,Translation,Medium,"translation,controller,api",2,Translation Services,Done,Fredy Gallego,,
Story,Wayuu Dictionary Management,7246+ dictionary entries with advanced search capabilities,Data Processing,High,"dictionary,wayuu,search,database",8,Data Processing Pipeline,Done,Fredy Gallego,,
Task,Datasets Service,Core datasets management and search functionality,Data Processing,High,"datasets,search,database",5,Data Processing Pipeline,Done,Fredy Gallego,,
Task,Audio Duration Service,Audio file duration calculation and management,Data Processing,Medium,"audio,duration,metadata",2,Data Processing Pipeline,Done,Fredy Gallego,,
Task,Datasets Controller,RESTful API for datasets management,Data Processing,Medium,"datasets,api,rest",2,Data Processing Pipeline,Done,Fredy Gallego,,
Story,PDF Processing System,Advanced PDF processing with text extraction and caching,Data Processing,High,"pdf,processing,extraction,cache",5,Data Processing Pipeline,Done,Fredy Gallego,,
Task,PDF Processing Service,Core PDF text extraction and processing,Data Processing,High,"pdf,extraction,processing",3,Data Processing Pipeline,Done,Fredy Gallego,,
Task,PDF Processing Controller,RESTful API for PDF operations,Data Processing,Medium,"pdf,api,rest",2,Data Processing Pipeline,Done,Fredy Gallego,,
Story,YouTube Audio Ingestion,Complete YouTube processing pipeline with Whisper ASR,Data Processing,High,"youtube,audio,whisper,asr",8,Data Processing Pipeline,Done,Fredy Gallego,,
Task,YouTube Ingestion Service,Core YouTube video processing and audio extraction,Data Processing,High,"youtube,ingestion,processing",5,Data Processing Pipeline,Done,Fredy Gallego,,
Task,ASR Strategies,Multiple ASR strategies including OpenAI Whisper and Wayuu-optimized,Data Processing,High,"asr,whisper,speech,recognition",5,Data Processing Pipeline,Done,Fredy Gallego,,
Task,Processing Queue Service,Queue management for batch processing,Data Processing,Medium,"queue,processing,batch",2,Data Processing Pipeline,Done,Fredy Gallego,,
Task,File Validator Service,File validation and security checks,Data Processing,Medium,"validation,security,files",2,Data Processing Pipeline,Done,Fredy Gallego,,
Task,Pipeline Health Service,Health monitoring for processing pipelines,Data Processing,Medium,"health,monitoring,pipeline",2,Data Processing Pipeline,Done,Fredy Gallego,,
Story,HuggingFace Integration,HuggingFace Hub and Inference API integration,Backend,High,"huggingface,ai,inference",5,Backend API - NestJS Platform,Done,Fredy Gallego,,
Task,HuggingFace Service,Core HuggingFace API integration,Backend,High,"huggingface,api,service",3,Backend API - NestJS Platform,Done,Fredy Gallego,,
Task,HuggingFace Controller,RESTful API for HuggingFace operations,Backend,Medium,"huggingface,api,rest",2,Backend API - NestJS Platform,Done,Fredy Gallego,,
Story,Metrics and Monitoring,Real-time metrics with Prometheus integration,Backend,High,"metrics,monitoring,prometheus",5,Backend API - NestJS Platform,Done,Fredy Gallego,,
Task,Metrics Service,Core metrics collection and storage,Backend,High,"metrics,collection,storage",3,Backend API - NestJS Platform,Done,Fredy Gallego,,
Task,Metrics Controller,RESTful API for metrics access,Backend,Medium,"metrics,api,rest",2,Backend API - NestJS Platform,Done,Fredy Gallego,,
Task,Scheduled Tasks Service,Automated metrics collection and maintenance,Backend,Medium,"scheduled,tasks,automation",2,Backend API - NestJS Platform,Done,Fredy Gallego,,
Story,Next.js Frontend Application,Modern React application with educational tools,Frontend,High,"nextjs,react,ui,education",13,Frontend Applications,Done,Fredy Gallego,,
Task,Learning Tools Pages,Interactive learning tools and exercises,Frontend,High,"learning,tools,education",5,Frontend Applications,Done,Fredy Gallego,,
Task,Admin Dashboard,Administrative interface for platform management,Frontend,High,"admin,dashboard,management",3,Frontend Applications,Done,Fredy Gallego,,
Task,Translation Interface,User-friendly translation interface,Frontend,High,"translation,interface,ui",3,Frontend Applications,Done,Fredy Gallego,,
Task,Analytics Dashboard,Real-time analytics and metrics visualization,Frontend,Medium,"analytics,dashboard,visualization",3,Frontend Applications,Done,Fredy Gallego,,
Task,Authentication Context,React context for authentication state management,Frontend,Medium,"auth,context,react",2,Frontend Applications,Done,Fredy Gallego,,
Task,Navigation Component,Responsive navigation with modern design,Frontend,Medium,"navigation,responsive,ui",2,Frontend Applications,Done,Fredy Gallego,,
Story,Static Frontend Demo,HTML5 demo pages with advanced audio player,Frontend,Medium,"html5,demo,audio,player",5,Frontend Applications,Done,Fredy Gallego,,
Task,Audio Player Interface,Advanced HTML5 audio player with search capabilities,Frontend,Medium,"audio,player,html5",3,Frontend Applications,Done,Fredy Gallego,,
Task,Demo Pages,Interactive demo pages for platform features,Frontend,Medium,"demo,pages,showcase",2,Frontend Applications,Done,Fredy Gallego,,
Story,Grafana Monitoring Stack,Professional monitoring with Grafana dashboards,DevOps,High,"grafana,monitoring,dashboards",8,Monitoring & DevOps,Done,Fredy Gallego,,
Task,Grafana Dashboards,3 specialized dashboards for growth datasets and performance,DevOps,High,"grafana,dashboards,visualization",5,Monitoring & DevOps,Done,Fredy Gallego,,
Task,Prometheus Configuration,Metrics collection and storage configuration,DevOps,High,"prometheus,metrics,configuration",3,Monitoring & DevOps,Done,Fredy Gallego,,
Task,AlertManager Setup,Automated alerting for performance issues,DevOps,Medium,"alertmanager,alerts,monitoring",2,Monitoring & DevOps,Done,Fredy Gallego,,
Story,Docker Stack Management,Professional Docker orchestration and management,DevOps,High,"docker,orchestration,management",5,Monitoring & DevOps,Done,Fredy Gallego,,
Task,Docker Compose Configuration,Multi-service Docker Compose setup,DevOps,High,"docker,compose,configuration",3,Monitoring & DevOps,Done,Fredy Gallego,,
Task,Stack Manager Script,Professional bash script for service orchestration,DevOps,Medium,"bash,script,orchestration",2,Monitoring & DevOps,Done,Fredy Gallego,,
Story,Audio Library Management,810+ audio files with metadata and search,Data Processing,High,"audio,library,metadata,search",5,Data Processing Pipeline,Done,Fredy Gallego,,
Task,Audio File Processing,Processing and metadata extraction for audio files,Data Processing,High,"audio,processing,metadata",3,Data Processing Pipeline,Done,Fredy Gallego,,
Task,Audio Search System,Advanced search capabilities for audio library,Data Processing,Medium,"audio,search,indexing",2,Data Processing Pipeline,Done,Fredy Gallego,,
Story,Interactive Learning Tools,Educational components for Wayuu language learning,Frontend,High,"learning,education,interactive",8,Frontend Applications,Done,Fredy Gallego,,
Task,Interactive Exercises,Gamified learning exercises and quizzes,Frontend,High,"exercises,gamification,learning",5,Frontend Applications,Done,Fredy Gallego,,
Task,Phonetic Analysis,Phonetic analysis tools for pronunciation,Frontend,Medium,"phonetic,analysis,pronunciation",3,Frontend Applications,Done,Fredy Gallego,,
Task,Massive Learning Tools,Comprehensive learning tool collection,Frontend,Medium,"learning,tools,comprehensive",3,Frontend Applications,Done,Fredy Gallego,,
Story,Performance Monitoring,Real-time performance tracking and optimization,Backend,High,"performance,monitoring,optimization",5,Backend API - NestJS Platform,Done,Fredy Gallego,,
Task,Performance Metrics Collection,Automated collection of performance metrics,Backend,High,"metrics,performance,collection",3,Backend API - NestJS Platform,Done,Fredy Gallego,,
Task,Query Optimization,Automatic query optimization and monitoring,Backend,Medium,"optimization,queries,monitoring",2,Backend API - NestJS Platform,Done,Fredy Gallego,,
Story,API Documentation,Comprehensive Swagger/OpenAPI documentation,Backend,Medium,"documentation,swagger,api",3,Backend API - NestJS Platform,Done,Fredy Gallego,,
Task,Swagger Configuration,OpenAPI 3.0 configuration with interactive examples,Backend,Medium,"swagger,openapi,documentation",2,Backend API - NestJS Platform,Done,Fredy Gallego,,
Task,API Examples,Interactive examples and code samples,Backend,Low,"examples,documentation,samples",1,Backend API - NestJS Platform,Done,Fredy Gallego,,
Story,Data Validation and Security,Comprehensive input validation and security measures,Backend,High,"validation,security,dto",5,Backend API - NestJS Platform,Done,Fredy Gallego,,
Task,DTO Validation,Class-validator DTOs for all API endpoints,Backend,High,"dto,validation,security",3,Backend API - NestJS Platform,Done,Fredy Gallego,,
Task,Security Headers,Security headers and CORS configuration,Backend,Medium,"security,headers,cors",2,Backend API - NestJS Platform,Done,Fredy Gallego,,
Story,Testing Infrastructure,Comprehensive testing setup with Jest and E2E tests,Backend,Medium,"testing,jest,e2e",5,Backend API - NestJS Platform,Done,Fredy Gallego,,
Task,Unit Tests,Unit testing for all services and controllers,Backend,Medium,"testing,unit,jest",3,Backend API - NestJS Platform,Done,Fredy Gallego,,
Task,E2E Tests,End-to-end testing for critical user flows,Backend,Medium,"testing,e2e,integration",2,Backend API - NestJS Platform,Done,Fredy Gallego,,
Story,Deployment and CI/CD,Professional deployment and continuous integration,DevOps,Medium,"deployment,cicd,automation",5,Monitoring & DevOps,Done,Fredy Gallego,,
Task,Development Environment,Complete development environment setup,DevOps,Medium,"development,environment,setup",3,Monitoring & DevOps,Done,Fredy Gallego,,
Task,Production Deployment,Production-ready deployment configuration,DevOps,Medium,"production,deployment,config",2,Monitoring & DevOps,Done,Fredy Gallego,,
Epic,Future Enhancements,Planned improvements and new features,Platform,Medium,"enhancement,future,roadmap",20,,To Do,Fredy Gallego,,
Story,Mobile Application,React Native mobile app for iOS and Android,Mobile,Medium,"mobile,react-native,ios,android",13,Future Enhancements,To Do,Fredy Gallego,,
Story,Advanced AI Features,Enhanced AI capabilities and machine learning,AI,Medium,"ai,ml,enhancement",8,Future Enhancements,To Do,Fredy Gallego,,
Story,Offline Mode,Offline functionality for mobile and web applications,Feature,Medium,"offline,pwa,mobile",8,Future Enhancements,To Do,Fredy Gallego,,
Story,Multi-language Support,Support for additional indigenous languages,Feature,Medium,"multilanguage,i18n,indigenous",8,Future Enhancements,To Do,Fredy Gallego,,