Issue Type,Summary,Description,Component,Priority,Labels,Story Points,Epic Link,Status,Assignee,Sprint,Due Date,Reporter,Created Date,Updated Date
Epic,Wayuu Spanish Translator Platform v3.0 - 6 Month Roadmap,Expansión completa de la plataforma con IA avanzada y funcionalidades empresariales,Platform,Highest,"platform,ai,enterprise,6month-roadmap",200,,,To Do,Fredy Gallego,Sprint 1,2025-06-30,Fredy Gallego,2025-01-03,2025-01-03

Epic,Phase 1: Advanced PDF Processing & Content Expansion,Procesamiento avanzado de PDFs académicos con IA y expansión masiva de contenido,Backend,High,"pdf,nlp,content,expansion",55,Wayuu Spanish Translator Platform v3.0,In Progress,Fredy Gallego,Sprint 1,2025-01-31,Fredy Gallego,2025-01-03,2025-01-03
Story,Implementar Extractor NLP Avanzado para PDFs,Algoritmo NLP sofisticado para extraer pares wayuu-español con 95% precisión,Backend,High,"pdf,nlp,extraction",13,Phase 1: Advanced PDF Processing,In Progress,Fredy Gallego,Sprint 1,2025-01-15,Fredy Gallego,2025-01-03,2025-01-03
Task,Configurar pipeline spaCy para wayuu,Implementar modelo NLP específico para análisis de texto wayuu,Backend,High,"nlp,spacy,wayuu",5,Implementar Extractor NLP Avanzado,To Do,Fredy Gallego,Sprint 1,2025-01-10,Fredy Gallego,2025-01-03,2025-01-03
Task,Desarrollar algoritmo de scoring automático,Sistema de confianza automático para validar extracciones,Backend,High,"scoring,validation,automation",8,Implementar Extractor NLP Avanzado,To Do,Fredy Gallego,Sprint 1,2025-01-15,Fredy Gallego,2025-01-03,2025-01-03
Story,Procesamiento Masivo de 125+ PDFs Académicos,Procesar automáticamente todos los PDFs del repositorio wayuu_linguistic_sources,Backend,High,"pdf,batch,academic",21,Phase 1: Advanced PDF Processing,To Do,Fredy Gallego,Sprint 2,2025-01-31,Fredy Gallego,2025-01-03,2025-01-03
Task,Sistema de colas para procesamiento batch,Implementar BullMQ para procesamiento asíncrono de PDFs,Backend,High,"queue,async,batch",8,Procesamiento Masivo de 125+ PDFs,To Do,Fredy Gallego,Sprint 2,2025-01-25,Fredy Gallego,2025-01-03,2025-01-03
Task,Dashboard de monitoreo de procesamiento,Interface en tiempo real para monitorear progreso de PDFs,Frontend,Medium,"dashboard,monitoring,realtime",5,Procesamiento Masivo de 125+ PDFs,To Do,Fredy Gallego,Sprint 2,2025-01-31,Fredy Gallego,2025-01-03,2025-01-03
Story,Completar TODOs Críticos del Sistema,Implementar 5 métodos faltantes en datasets controller,Backend,High,"todo,api,completion",8,Phase 1: Advanced PDF Processing,To Do,Fredy Gallego,Sprint 1,2025-01-20,Fredy Gallego,2025-01-03,2025-01-03
Task,Implementar getAudioDownloadStats con cache,Método optimizado con sistema de cache inteligente,Backend,High,"audio,stats,cache",3,Completar TODOs Críticos,To Do,Fredy Gallego,Sprint 1,2025-01-15,Fredy Gallego,2025-01-03,2025-01-03
Task,Desarrollar downloadAudioBatch con progreso,Sistema de descarga masiva con tracking de progreso,Backend,Medium,"audio,batch,progress",5,Completar TODOs Críticos,To Do,Fredy Gallego,Sprint 1,2025-01-20,Fredy Gallego,2025-01-03,2025-01-03

Epic,Phase 2: NLLB Translation System Enterprise,Sistema de traducción NLLB-200 con soporte nativo wayuu y cache inteligente,AI,Highest,"nllb,translation,ai,enterprise",89,Wayuu Spanish Translator Platform v3.0,To Do,Fredy Gallego,Sprint 3,2025-03-15,Fredy Gallego,2025-01-03,2025-01-03
Story,Integración NLLB-200 Core System,Implementar sistema de traducción NLLB-200 con soporte nativo wayuu (guc_Latn),Backend,Highest,"nllb,translation,core",34,Phase 2: NLLB Translation System,To Do,Fredy Gallego,Sprint 3,2025-02-15,Fredy Gallego,2025-01-03,2025-01-03
Task,Configurar modelos NLLB-200-3.3B y distilled-600M,Setup de ambos modelos con fallback automático,Backend,Highest,"nllb,models,setup",13,Integración NLLB-200 Core,To Do,Fredy Gallego,Sprint 3,2025-02-10,Fredy Gallego,2025-01-03,2025-01-03
Task,Implementar cache inteligente para traducciones,Sistema LRU con TTL automático para traducciones,Backend,High,"cache,translation,optimization",8,Integración NLLB-200 Core,To Do,Fredy Gallego,Sprint 3,2025-02-15,Fredy Gallego,2025-01-03,2025-01-03
Task,Desarrollar API endpoints NLLB,Crear endpoints para traducción directa y contextual,Backend,High,"api,endpoints,nllb",8,Integración NLLB-200 Core,To Do,Fredy Gallego,Sprint 3,2025-02-15,Fredy Gallego,2025-01-03,2025-01-03
Task,Sistema de analytics avanzado para traducciones,Métricas de calidad y rendimiento en tiempo real,Backend,Medium,"analytics,metrics,quality",5,Integración NLLB-200 Core,To Do,Fredy Gallego,Sprint 3,2025-02-15,Fredy Gallego,2025-01-03,2025-01-03
Story,Traducción Contextual con Adaptación Cultural,Sistema de traducción con contexto cultural wayuu,AI,High,"cultural,context,translation",21,Phase 2: NLLB Translation System,To Do,Fredy Gallego,Sprint 4,2025-03-01,Fredy Gallego,2025-01-03,2025-01-03
Task,Base de datos de contexto cultural wayuu,Implementar terminology y contexto cultural específico,Backend,High,"cultural,database,terminology",8,Traducción Contextual Cultural,To Do,Fredy Gallego,Sprint 4,2025-02-25,Fredy Gallego,2025-01-03,2025-01-03
Task,Algoritmo de adaptación cultural,Sistema para ajustar traducciones según contexto cultural,AI,High,"cultural,adaptation,algorithm",13,Traducción Contextual Cultural,To Do,Fredy Gallego,Sprint 4,2025-03-01,Fredy Gallego,2025-01-03,2025-01-03
Story,Sistema de Calidad y Confianza Automática,Scoring automático de calidad para traducciones NLLB,AI,High,"quality,confidence,scoring",21,Phase 2: NLLB Translation System,To Do,Fredy Gallego,Sprint 5,2025-03-15,Fredy Gallego,2025-01-03,2025-01-03
Task,Implementar confidence scoring algorithm,Algoritmo ML para evaluar calidad de traducciones,AI,High,"ml,confidence,algorithm",13,Sistema de Calidad Automática,To Do,Fredy Gallego,Sprint 5,2025-03-10,Fredy Gallego,2025-01-03,2025-01-03
Task,Dashboard de métricas de calidad,Interface para monitorear calidad de traducciones en tiempo real,Frontend,Medium,"dashboard,quality,metrics",8,Sistema de Calidad Automática,To Do,Fredy Gallego,Sprint 5,2025-03-15,Fredy Gallego,2025-01-03,2025-01-03
Story,Benchmarking y Optimización de Performance,Optimización de rendimiento y benchmarking contra otros sistemas,Backend,Medium,"performance,benchmarking,optimization",13,Phase 2: NLLB Translation System,To Do,Fredy Gallego,Sprint 6,2025-03-31,Fredy Gallego,2025-01-03,2025-01-03

Epic,Phase 3: Next.js 15 PWA & Educational Tools,Aplicación web progresiva con herramientas educativas completas,Frontend,High,"nextjs,pwa,education,tools",144,Wayuu Spanish Translator Platform v3.0,To Do,Fredy Gallego,Sprint 7,2025-05-15,Fredy Gallego,2025-01-03,2025-01-03
Story,Migración Completa a Next.js 15 PWA,Convertir toda la aplicación en PWA con capacidades offline,Frontend,High,"nextjs,pwa,migration",34,Phase 3: Next.js 15 PWA,To Do,Fredy Gallego,Sprint 7,2025-04-15,Fredy Gallego,2025-01-03,2025-01-03
Task,Implementar Service Workers para funcionalidad offline,PWA con cache inteligente para uso sin conexión,Frontend,High,"pwa,offline,serviceworker",13,Migración Completa PWA,To Do,Fredy Gallego,Sprint 7,2025-04-10,Fredy Gallego,2025-01-03,2025-01-03
Task,Optimización mobile-first con Tailwind CSS,Responsive design optimizado para móviles,Frontend,High,"mobile,responsive,tailwind",8,Migración Completa PWA,To Do,Fredy Gallego,Sprint 7,2025-04-15,Fredy Gallego,2025-01-03,2025-01-03
Task,Configurar App Router y API Routes optimizadas,Arquitectura Next.js 15 con App Router completo,Frontend,High,"nextjs,approuter,api",13,Migración Completa PWA,To Do,Fredy Gallego,Sprint 7,2025-04-15,Fredy Gallego,2025-01-03,2025-01-03
Story,Sistema Educativo Completo con 15 Módulos,Plataforma educativa estructurada con cursos progresivos,Education,High,"education,modules,curriculum",55,Phase 3: Next.js 15 PWA,To Do,Fredy Gallego,Sprint 8,2025-05-15,Fredy Gallego,2025-01-03,2025-01-03
Task,Módulos Básicos A1 (Saludos y Presentaciones),5 módulos básicos para principiantes,Education,High,"education,basic,a1",13,Sistema Educativo Completo,To Do,Fredy Gallego,Sprint 8,2025-04-30,Fredy Gallego,2025-01-03,2025-01-03
Task,Módulos Intermedios A2-B1 (Cultura y Tradiciones),5 módulos intermedios sobre cultura wayuu,Education,High,"education,intermediate,culture",21,Sistema Educativo Completo,To Do,Fredy Gallego,Sprint 9,2025-05-15,Fredy Gallego,2025-01-03,2025-01-03
Task,Módulos Avanzados B2-C1 (Narrativa y Ceremonias),5 módulos avanzados sobre tradición oral y ceremonias,Education,Medium,"education,advanced,traditions",21,Sistema Educativo Completo,To Do,Fredy Gallego,Sprint 10,2025-05-30,Fredy Gallego,2025-01-03,2025-01-03
Story,Gamificación y Sistema de Progreso,Sistema de puntos y logros para motivar el aprendizaje,Education,Medium,"gamification,progress,achievements",21,Phase 3: Next.js 15 PWA,To Do,Fredy Gallego,Sprint 11,2025-06-15,Fredy Gallego,2025-01-03,2025-01-03
Task,Sistema de puntos y niveles,XP system con niveles progresivos,Education,Medium,"gamification,xp,levels",8,Gamificación y Progreso,To Do,Fredy Gallego,Sprint 11,2025-06-10,Fredy Gallego,2025-01-03,2025-01-03
Task,20+ logros y badges,Sistema de achievements con badges visuales,Education,Medium,"achievements,badges,rewards",8,Gamificación y Progreso,To Do,Fredy Gallego,Sprint 11,2025-06-15,Fredy Gallego,2025-01-03,2025-01-03
Task,Leaderboard opcional y anónimo,Tabla de líderes respetuosa con privacidad,Education,Low,"leaderboard,privacy,optional",5,Gamificación y Progreso,To Do,Fredy Gallego,Sprint 11,2025-06-15,Fredy Gallego,2025-01-03,2025-01-03
Story,Sistema de Ejercicios Interactivos Avanzados,Ejercicios adaptativos con IA y reconocimiento de voz,Education,High,"exercises,interactive,ai",34,Phase 3: Next.js 15 PWA,To Do,Fredy Gallego,Sprint 12,2025-06-30,Fredy Gallego,2025-01-03,2025-01-03
Task,Integración Web Speech API para pronunciación,Ejercicios de pronunciación con feedback en tiempo real,Education,High,"speech,pronunciation,api",13,Ejercicios Interactivos Avanzados,To Do,Fredy Gallego,Sprint 12,2025-06-25,Fredy Gallego,2025-01-03,2025-01-03
Task,Ejercicios adaptativos con IA,Sistema que adapta dificultad según progreso del usuario,Education,High,"ai,adaptive,exercises",21,Ejercicios Interactivos Avanzados,To Do,Fredy Gallego,Sprint 12,2025-06-30,Fredy Gallego,2025-01-03,2025-01-03

Epic,Phase 4: AI Integration & Advanced Features,Integración con LLM y características avanzadas de IA,AI,High,"ai,llm,advanced,features",89,Wayuu Spanish Translator Platform v3.0,To Do,Fredy Gallego,Sprint 13,2025-07-31,Fredy Gallego,2025-01-03,2025-01-03
Story,Integración con Google Gemini Pro,Sistema de generación automática de contenido wayuu,AI,High,"gemini,llm,generation",34,Phase 4: AI Integration,To Do,Fredy Gallego,Sprint 13,2025-07-15,Fredy Gallego,2025-01-03,2025-01-03
Task,Configurar Gemini API con prompts especializados,Prompts específicos para generar contenido wayuu de calidad,AI,High,"gemini,prompts,wayuu",13,Integración Gemini Pro,To Do,Fredy Gallego,Sprint 13,2025-07-10,Fredy Gallego,2025-01-03,2025-01-03
Task,Sistema de validación automática de contenido generado,IA para validar calidad del contenido generado por Gemini,AI,High,"validation,ai,quality",13,Integración Gemini Pro,To Do,Fredy Gallego,Sprint 13,2025-07-15,Fredy Gallego,2025-01-03,2025-01-03
Task,Pipeline de review manual para contenido IA,Interface para revisar y aprobar contenido generado,AI,Medium,"review,manual,pipeline",8,Integración Gemini Pro,To Do,Fredy Gallego,Sprint 13,2025-07-15,Fredy Gallego,2025-01-03,2025-01-03
Story,Chatbot Conversacional Wayuu,Asistente IA para practicar conversaciones en wayuu,AI,High,"chatbot,conversational,practice",21,Phase 4: AI Integration,To Do,Fredy Gallego,Sprint 14,2025-08-01,Fredy Gallego,2025-01-03,2025-01-03
Task,Desarrollar contexto conversacional wayuu,Base de conocimiento para conversaciones culturalmente apropiadas,AI,High,"conversational,context,cultural",13,Chatbot Conversacional Wayuu,To Do,Fredy Gallego,Sprint 14,2025-07-25,Fredy Gallego,2025-01-03,2025-01-03
Task,Implementar memory system para conversaciones,Sistema de memoria para conversaciones coherentes,AI,Medium,"memory,conversation,coherence",8,Chatbot Conversacional Wayuu,To Do,Fredy Gallego,Sprint 14,2025-08-01,Fredy Gallego,2025-01-03,2025-01-03
Story,Generación Automática de Ejercicios,IA para crear ejercicios personalizados según nivel del usuario,AI,Medium,"exercises,generation,personalized",21,Phase 4: AI Integration,To Do,Fredy Gallego,Sprint 15,2025-08-15,Fredy Gallego,2025-01-03,2025-01-03
Task,Algoritmo de generación de ejercicios adaptativos,Sistema que crea ejercicios según debilidades del usuario,AI,Medium,"adaptive,exercises,algorithm",13,Generación Automática Ejercicios,To Do,Fredy Gallego,Sprint 15,2025-08-10,Fredy Gallego,2025-01-03,2025-01-03
Task,Sistema de dificultad progresiva inteligente,IA que ajusta dificultad basada en performance del usuario,AI,Medium,"difficulty,progressive,intelligent",8,Generación Automática Ejercicios,To Do,Fredy Gallego,Sprint 15,2025-08-15,Fredy Gallego,2025-01-03,2025-01-03
Story,Análisis Fonético Avanzado con IA,Sistema de análisis fonético para mejorar pronunciación wayuu,AI,Medium,"phonetic,analysis,pronunciation",13,Phase 4: AI Integration,To Do,Fredy Gallego,Sprint 16,2025-08-31,Fredy Gallego,2025-01-03,2025-01-03
Task,Implementar análisis de espectrogramas,Análisis automático de patrones fonéticos wayuu,AI,Medium,"spectrograms,phonetic,analysis",8,Análisis Fonético Avanzado,To Do,Fredy Gallego,Sprint 16,2025-08-25,Fredy Gallego,2025-01-03,2025-01-03
Task,Sistema de feedback de pronunciación,Feedback detallado para mejorar pronunciación wayuu,AI,Medium,"pronunciation,feedback,improvement",5,Análisis Fonético Avanzado,To Do,Fredy Gallego,Sprint 16,2025-08-31,Fredy Gallego,2025-01-03,2025-01-03

Epic,Phase 5: Enterprise Architecture & Scalability,Arquitectura empresarial con microservicios y alta disponibilidad,Infrastructure,Medium,"enterprise,microservices,scalability",55,Wayuu Spanish Translator Platform v3.0,To Do,Fredy Gallego,Sprint 17,2025-09-30,Fredy Gallego,2025-01-03,2025-01-03
Story,Migración a Microservicios,Refactorización a arquitectura de microservicios,Infrastructure,Medium,"microservices,architecture,migration",21,Phase 5: Enterprise Architecture,To Do,Fredy Gallego,Sprint 17,2025-09-15,Fredy Gallego,2025-01-03,2025-01-03
Task,Diseño de microservicios por dominio,Separación de servicios por funcionalidad (translation audio education),Infrastructure,Medium,"microservices,domain,design",8,Migración a Microservicios,To Do,Fredy Gallego,Sprint 17,2025-09-10,Fredy Gallego,2025-01-03,2025-01-03
Task,Implementar API Gateway con rate limiting,Gateway central con autenticación y rate limiting,Infrastructure,Medium,"gateway,api,ratelimiting",8,Migración a Microservicios,To Do,Fredy Gallego,Sprint 17,2025-09-15,Fredy Gallego,2025-01-03,2025-01-03
Task,Sistema de service discovery,Consul o similar para descubrimiento de servicios,Infrastructure,Medium,"discovery,services,consul",5,Migración a Microservicios,To Do,Fredy Gallego,Sprint 17,2025-09-15,Fredy Gallego,2025-01-03,2025-01-03
Story,Contenedorización y Orquestación,Docker y Kubernetes para deployment escalable,Infrastructure,Medium,"docker,kubernetes,orchestration",21,Phase 5: Enterprise Architecture,To Do,Fredy Gallego,Sprint 18,2025-10-01,Fredy Gallego,2025-01-03,2025-01-03
Task,Dockerización de todos los servicios,Containers optimizados para cada microservicio,Infrastructure,Medium,"docker,containers,optimization",8,Contenedorización y Orquestación,To Do,Fredy Gallego,Sprint 18,2025-09-25,Fredy Gallego,2025-01-03,2025-01-03
Task,Kubernetes deployment con Helm charts,Orquestación completa con Kubernetes,Infrastructure,Medium,"kubernetes,helm,deployment",13,Contenedorización y Orquestación,To Do,Fredy Gallego,Sprint 18,2025-10-01,Fredy Gallego,2025-01-03,2025-01-03
Story,Monitoring y Observabilidad Avanzada,Sistema completo de observabilidad con métricas avanzadas,Infrastructure,Medium,"monitoring,observability,metrics",13,Phase 5: Enterprise Architecture,To Do,Fredy Gallego,Sprint 19,2025-10-15,Fredy Gallego,2025-01-03,2025-01-03
Task,Implementar distributed tracing con Jaeger,Tracing distribuido para debugging de microservicios,Infrastructure,Medium,"tracing,jaeger,debugging",8,Monitoring Avanzado,To Do,Fredy Gallego,Sprint 19,2025-10-10,Fredy Gallego,2025-01-03,2025-01-03
Task,Dashboard de observabilidad completo,Métricas unificadas de todos los microservicios,Infrastructure,Medium,"dashboard,observability,unified",5,Monitoring Avanzado,To Do,Fredy Gallego,Sprint 19,2025-10-15,Fredy Gallego,2025-01-03,2025-01-03

Epic,Phase 6: Community Platform & Public API,Plataforma comunitaria con API pública y contribuciones,Community,Medium,"community,api,contributions",89,Wayuu Spanish Translator Platform v3.0,To Do,Fredy Gallego,Sprint 21,2025-11-30,Fredy Gallego,2025-01-03,2025-01-03
Story,Sistema de Usuarios y Autenticación Avanzada,Sistema completo de usuarios con roles y permisos,Community,Medium,"users,authentication,roles",21,Phase 6: Community Platform,To Do,Fredy Gallego,Sprint 21,2025-11-15,Fredy Gallego,2025-01-03,2025-01-03
Task,Autenticación OAuth con múltiples proveedores,Google GitHub Twitter Facebook para registro fácil,Community,Medium,"oauth,providers,registration",8,Sistema de Usuarios Avanzado,To Do,Fredy Gallego,Sprint 21,2025-11-10,Fredy Gallego,2025-01-03,2025-01-03
Task,Sistema de roles y permisos granulares,Roles diferenciados: estudiante educador revisor admin,Community,Medium,"roles,permissions,granular",8,Sistema de Usuarios Avanzado,To Do,Fredy Gallego,Sprint 21,2025-11-15,Fredy Gallego,2025-01-03,2025-01-03
Task,Perfiles de usuario personalizables,Perfiles detallados con historial de aprendizaje,Community,Medium,"profiles,customizable,history",5,Sistema de Usuarios Avanzado,To Do,Fredy Gallego,Sprint 21,2025-11-15,Fredy Gallego,2025-01-03,2025-01-03
Story,Sistema de Contribuciones Comunitarias,Plataforma para que la comunidad contribuya contenido,Community,Medium,"contributions,community,content",34,Phase 6: Community Platform,To Do,Fredy Gallego,Sprint 22,2025-12-01,Fredy Gallego,2025-01-03,2025-01-03
Task,Interface de contribución de traducciones,Sistema para que usuarios contribuyan nuevas traducciones,Community,Medium,"contributions,translations,interface",13,Contribuciones Comunitarias,To Do,Fredy Gallego,Sprint 22,2025-11-25,Fredy Gallego,2025-01-03,2025-01-03
Task,Sistema de peer review para contribuciones,Review comunitario con voting y consenso,Community,Medium,"peer-review,voting,consensus",13,Contribuciones Comunitarias,To Do,Fredy Gallego,Sprint 22,2025-12-01,Fredy Gallego,2025-01-03,2025-01-03
Task,Sistema de reputación y badges comunitarios,Gamificación para incentivar contribuciones de calidad,Community,Medium,"reputation,badges,incentives",8,Contribuciones Comunitarias,To Do,Fredy Gallego,Sprint 22,2025-12-01,Fredy Gallego,2025-01-03,2025-01-03
Story,API Pública v3.0 para Desarrolladores,API REST completa para desarrolladores externos,API,Medium,"api,public,developers",21,Phase 6: Community Platform,To Do,Fredy Gallego,Sprint 23,2025-12-15,Fredy Gallego,2025-01-03,2025-01-03
Task,Documentación OpenAPI completa,Documentación exhaustiva con ejemplos y SDKs,API,Medium,"documentation,openapi,sdk",8,API Pública v3.0,To Do,Fredy Gallego,Sprint 23,2025-12-10,Fredy Gallego,2025-01-03,2025-01-03
Task,Sistema de API keys y rate limiting,Gestión de desarrolladores con límites de uso,API,Medium,"api-keys,rate-limiting,management",8,API Pública v3.0,To Do,Fredy Gallego,Sprint 23,2025-12-15,Fredy Gallego,2025-01-03,2025-01-03
Task,Developer portal con analytics,Portal para desarrolladores con métricas de uso,API,Medium,"portal,developers,analytics",5,API Pública v3.0,To Do,Fredy Gallego,Sprint 23,2025-12-15,Fredy Gallego,2025-01-03,2025-01-03
Story,Foro y Sistema de Discusión,Foro comunitario integrado con moderación automática,Community,Medium,"forum,discussion,moderation",13,Phase 6: Community Platform,To Do,Fredy Gallego,Sprint 24,2025-12-31,Fredy Gallego,2025-01-03,2025-01-03
Task,Implementar sistema de threads y comentarios,Discusiones organizadas por temas y categorías,Community,Medium,"threads,comments,categories",8,Foro y Discusión,To Do,Fredy Gallego,Sprint 24,2025-12-25,Fredy Gallego,2025-01-03,2025-01-03
Task,Moderación automática con IA,Sistema de moderación con detección de contenido inapropiado,Community,Medium,"moderation,ai,content-filtering",5,Foro y Discusión,To Do,Fredy Gallego,Sprint 24,2025-12-31,Fredy Gallego,2025-01-03,2025-01-03

Epic,Performance Optimization & Analytics,Optimización avanzada de rendimiento y analytics empresariales,Performance,Medium,"performance,analytics,optimization",34,Wayuu Spanish Translator Platform v3.0,To Do,Fredy Gallego,Sprint 25,2025-01-15,Fredy Gallego,2025-01-03,2025-01-03
Story,Sistema de Cache Distribuido Avanzado,Redis Cluster con cache inteligente multi-nivel,Performance,Medium,"cache,redis,distributed",13,Performance Optimization,To Do,Fredy Gallego,Sprint 25,2025-01-10,Fredy Gallego,2025-01-03,2025-01-03
Task,Implementar Redis Cluster para cache distribuido,Cache distribuido con alta disponibilidad,Performance,Medium,"redis,cluster,distributed",8,Cache Distribuido Avanzado,To Do,Fredy Gallego,Sprint 25,2025-01-08,Fredy Gallego,2025-01-03,2025-01-03
Task,Cache inteligente con predicción de uso,Algoritmos ML para predecir y pre-cargar contenido,Performance,Medium,"cache,prediction,ml",5,Cache Distribuido Avanzado,To Do,Fredy Gallego,Sprint 25,2025-01-10,Fredy Gallego,2025-01-03,2025-01-03
Story,Analytics Empresariales Avanzados,Sistema completo de analytics con ML y predicciones,Analytics,Medium,"analytics,ml,predictions",21,Performance Optimization,To Do,Fredy Gallego,Sprint 26,2025-01-25,Fredy Gallego,2025-01-03,2025-01-03
Task,Implementar data warehouse con ClickHouse,Sistema de analytics con capacidades OLAP,Analytics,Medium,"warehouse,clickhouse,olap",13,Analytics Empresariales,To Do,Fredy Gallego,Sprint 26,2025-01-20,Fredy Gallego,2025-01-03,2025-01-03
Task,Dashboard ejecutivo con métricas de negocio,Métricas empresariales para toma de decisiones,Analytics,Medium,"dashboard,executive,business",8,Analytics Empresariales,To Do,Fredy Gallego,Sprint 26,2025-01-25,Fredy Gallego,2025-01-03,2025-01-03

Epic,Mobile App Development,Aplicación móvil nativa para iOS y Android,Mobile,Low,"mobile,ios,android,native",55,Wayuu Spanish Translator Platform v3.0,To Do,Fredy Gallego,Sprint 27,2025-02-28,Fredy Gallego,2025-01-03,2025-01-03
Story,Aplicación React Native Cross-Platform,App móvil con todas las funcionalidades principales,Mobile,Low,"react-native,cross-platform,app",34,Mobile App Development,To Do,Fredy Gallego,Sprint 27,2025-02-15,Fredy Gallego,2025-01-03,2025-01-03
Task,Configurar proyecto React Native con Expo,Setup inicial con todas las dependencias,Mobile,Low,"react-native,expo,setup",8,App React Native,To Do,Fredy Gallego,Sprint 27,2025-02-05,Fredy Gallego,2025-01-03,2025-01-03
Task,Implementar navegación y UI responsive,Navegación móvil optimizada y componentes adaptivos,Mobile,Low,"navigation,ui,responsive",13,App React Native,To Do,Fredy Gallego,Sprint 27,2025-02-10,Fredy Gallego,2025-01-03,2025-01-03
Task,Integrar funcionalidades offline,Capacidades offline con sincronización automática,Mobile,Low,"offline,sync,storage",13,App React Native,To Do,Fredy Gallego,Sprint 28,2025-02-15,Fredy Gallego,2025-01-03,2025-01-03
Story,Funcionalidades Móviles Específicas,Características específicas para móviles (cámara OCR gestos),Mobile,Low,"mobile-specific,ocr,gestures",21,Mobile App Development,To Do,Fredy Gallego,Sprint 29,2025-02-28,Fredy Gallego,2025-01-03,2025-01-03
Task,Implementar OCR para texto wayuu,Cámara que puede leer y traducir texto wayuu,Mobile,Low,"ocr,camera,text-recognition",13,Funcionalidades Móviles,To Do,Fredy Gallego,Sprint 29,2025-02-20,Fredy Gallego,2025-01-03,2025-01-03
Task,Gestos y interactions móviles,Gestos específicos para aprendizaje móvil,Mobile,Low,"gestures,interactions,mobile",8,Funcionalidades Móviles,To Do,Fredy Gallego,Sprint 29,2025-02-25,Fredy Gallego,2025-01-03,2025-01-03

Epic,Research & Innovation Features,Características de investigación e innovación experimental,Research,Low,"research,innovation,experimental",34,Wayuu Spanish Translator Platform v3.0,To Do,Fredy Gallego,Sprint 31,2025-03-31,Fredy Gallego,2025-01-03,2025-01-03
Story,Integración con Realidad Aumentada,Experiencias AR para aprendizaje inmersivo wayuu,Research,Low,"ar,immersive,learning",21,Research & Innovation,To Do,Fredy Gallego,Sprint 31,2025-03-15,Fredy Gallego,2025-01-03,2025-01-03
Task,Desarrollar experiencias AR con WebXR,Realidad aumentada en web para visualizar cultura wayuu,Research,Low,"ar,webxr,cultural",13,Integración AR,To Do,Fredy Gallego,Sprint 31,2025-03-10,Fredy Gallego,2025-01-03,2025-01-03
Task,Modelos 3D de artefactos culturales wayuu,Visualización 3D de objetos culturales,Research,Low,"3d,cultural,artifacts",8,Integración AR,To Do,Fredy Gallego,Sprint 31,2025-03-15,Fredy Gallego,2025-01-03,2025-01-03
Story,Blockchain para Preservación Cultural,Sistema blockchain para certificar y preservar contenido wayuu,Research,Low,"blockchain,preservation,cultural",13,Research & Innovation,To Do,Fredy Gallego,Sprint 32,2025-03-31,Fredy Gallego,2025-01-03,2025-01-03
Task,Implementar smart contracts para contenido cultural,Contratos inteligentes para proteger propiedad intelectual wayuu,Research,Low,"blockchain,smart-contracts,ip",8,Blockchain Preservación,To Do,Fredy Gallego,Sprint 32,2025-03-25,Fredy Gallego,2025-01-03,2025-01-03
Task,Sistema de certificación de autenticidad,Blockchain para certificar autenticidad del contenido wayuu,Research,Low,"certification,authenticity,blockchain",5,Blockchain Preservación,To Do,Fredy Gallego,Sprint 32,2025-03-31,Fredy Gallego,2025-01-03,2025-01-03Story,Migración Backend NestJS + NLLB-200 + Redis,Integrar NLLB-200 directamente en NestJS con cache Redis distribuido,Backend,Highest,"nestjs,nllb,redis,integration",34,Phase 2: NLLB Translation System,To Do,Fredy Gallego,Sprint 3,2025-02-20,Fredy Gallego,2025-01-03,2025-01-03
Task,Configurar NestJS con módulos NLLB-200,Integrar decoradores y providers para NLLB-200 en arquitectura NestJS,Backend,High,"nestjs,nllb,modules",13,Migración Backend NestJS + NLLB-200 + Redis,To Do,Fredy Gallego,Sprint 3,2025-02-15,Fredy Gallego,2025-01-03,2025-01-03
Task,Implementar Redis como cache layer en NestJS,Cache distribuido con Redis para traducciones NLLB-200,Backend,High,"nestjs,redis,cache",8,Migración Backend NestJS + NLLB-200 + Redis,To Do,Fredy Gallego,Sprint 3,2025-02-18,Fredy Gallego,2025-01-03,2025-01-03
Task,Crear NestJS Guards para rate limiting con Redis,Sistema de rate limiting distribuido usando Redis,Backend,Medium,"nestjs,redis,guards,rate-limiting",5,Migración Backend NestJS + NLLB-200 + Redis,To Do,Fredy Gallego,Sprint 4,2025-02-25,Fredy Gallego,2025-01-03,2025-01-03
Task,NestJS Interceptors para métricas NLLB-200,Interceptors para tracking de performance de traducciones,Backend,Medium,"nestjs,interceptors,metrics",5,Migración Backend NestJS + NLLB-200 + Redis,To Do,Fredy Gallego,Sprint 4,2025-02-28,Fredy Gallego,2025-01-03,2025-01-03
Story,Optimización NestJS para Microservicios,Preparar arquitectura NestJS para migración a microservicios,Backend,High,"nestjs,microservices,architecture",21,Phase 5: Enterprise Architecture,To Do,Fredy Gallego,Sprint 17,2025-09-15,Fredy Gallego,2025-01-03,2025-01-03
Task,NestJS Config Module para microservicios,Configuración centralizada con @nestjs/config,Backend,High,"nestjs,config,microservices",8,Optimización NestJS para Microservicios,To Do,Fredy Gallego,Sprint 17,2025-09-10,Fredy Gallego,2025-01-03,2025-01-03
Task,NestJS Health Checks para Kubernetes,Implementar health checks compatibles con K8s,Backend,Medium,"nestjs,health,kubernetes",5,Optimización NestJS para Microservicios,To Do,Fredy Gallego,Sprint 17,2025-09-12,Fredy Gallego,2025-01-03,2025-01-03
Task,NestJS Swagger para API Documentation,Documentación automática con @nestjs/swagger,Backend,Medium,"nestjs,swagger,documentation",8,Optimización NestJS para Microservicios,To Do,Fredy Gallego,Sprint 17,2025-09-18,Fredy Gallego,2025-01-03,2025-01-03
Story,NestJS + Redis Session Management,Sistema de sesiones distribuido con Redis,Backend,Medium,"nestjs,redis,sessions",13,Phase 6: Community Platform,To Do,Fredy Gallego,Sprint 21,2025-11-10,Fredy Gallego,2025-01-03,2025-01-03
Task,NestJS Passport + Redis para OAuth,Integración OAuth con storage en Redis,Backend,High,"nestjs,passport,redis,oauth",8,NestJS + Redis Session Management,To Do,Fredy Gallego,Sprint 21,2025-11-05,Fredy Gallego,2025-01-03,2025-01-03
Task,NestJS WebSocket + Redis Pub/Sub,Sistema de notificaciones en tiempo real,Backend,Medium,"nestjs,websocket,redis,pubsub",5,NestJS + Redis Session Management,To Do,Fredy Gallego,Sprint 21,2025-11-12,Fredy Gallego,2025-01-03,2025-01-03
Story,NestJS CLI para herramientas desarrollo,Scripts y comandos personalizados para el proyecto,Backend,Low,"nestjs,cli,development",8,Research & Innovation,To Do,Fredy Gallego,Sprint 29,2025-12-10,Fredy Gallego,2025-01-03,2025-01-03
Task,NestJS Custom Decorators para Wayuu,Decoradores específicos para validación de contenido wayuu,Backend,Low,"nestjs,decorators,wayuu",5,NestJS CLI para herramientas desarrollo,To Do,Fredy Gallego,Sprint 29,2025-12-05,Fredy Gallego,2025-01-03,2025-01-03
Task,NestJS Testing con Redis Mock,Suite de testing con Redis mocking,Backend,Medium,"nestjs,testing,redis,mock",3,NestJS CLI para herramientas desarrollo,To Do,Fredy Gallego,Sprint 29,2025-12-12,Fredy Gallego,2025-01-03,2025-01-03 